tick,fitness
0,0.3969
1,0.3969
2,0.3969
3,0.3969
4,0.3969
5,0.3969
6,0.3911
7,0.3967
8,0.388
9,0.3688
10,0.3607
11,0.3607
12,0.3522
13,0.3409
14,0.3288
15,0.3609
16,0.352
17,0.3547
18,0.3544
19,0.3673
20,0.3588
21,0.3565
22,0.348
23,0.3447
24,0.3362
25,0.3303
26,0.3174
27,0.3134
28,0.3247
29,0.3232
30,0.3206
31,0.327
32,0.3532
33,0.3406
34,0.3378
35,0.3351
36,0.3296
37,0.3365
38,0.3357
39,0.3292
40,0.328
41,0.3206
42,0.3213
43,0.3209
44,0.3232
45,0.326
46,0.3302
47,0.3226
48,0.3203
49,0.3197
50,0.3196
51,0.3197
52,0.3297
53,0.3475
54,0.3455
55,0.3788
56,0.3769
57,0.3759
58,0.3719
59,0.3591
60,0.3567
61,0.3544
62,0.3567
63,0.356
64,0.3542
65,0.3494
66,0.3616
67,0.3638
68,0.3623
69,0.3663
70,0.3648
71,0.3855
72,0.3862
73,0.375
74,0.3757
75,0.372
76,0.3726
77,0.3765
78,0.3877
79,0.3813
80,0.3882
81,0.3783
82,0.3771
83,0.3903
84,0.3925
85,0.3932
86,0.3948
87,0.3739
88,0.3742
89,0.3765
90,0.3848
91,0.3917
92,0.3895
93,0.3822
94,0.3839
95,0.3825
96,0.3828
97,0.4081
98,0.41
99,0.4071
100,0.3979
101,0.404
102,0.4051
103,0.4025
104,0.4041
105,0.4075
106,0.4079
107,0.41
108,0.4076
109,0.4039
110,0.4155
111,0.4128
112,0.4153
113,0.4223
114,0.424
115,0.4229
116,0.4196
117,0.4234
118,0.4194
119,0.4153
