tick,latency_ms
0,265.9056
1,14.6657
2,8.8109
3,10.1632
4,8.8539
5,15.2985
6,382.7412
7,366.6103
8,266.7047
9,221.5354
10,315.6513
11,8.0525
12,254.6718
13,247.4802
14,364.3968
15,400.8057
16,512.0268
17,552.5935
18,453.8824
19,337.4112
20,604.4955
21,341.1925
22,261.7524
23,308.7618
24,311.9318
25,772.2691
26,263.617
27,338.4618
28,150.1164
29,170.3496
30,194.8932
31,221.9361
32,311.381
33,453.7798
34,505.2341
35,1403.3589
36,686.8804
37,624.1696
38,285.3862
39,275.7633
40,281.8622
41,319.1624
42,251.6375
43,282.55
44,483.9113
45,890.5786
46,302.2257
47,259.1034
48,443.5035
49,195.6627
50,135.6576
51,374.8726
52,533.8083
53,352.0645
54,294.6598
55,261.0148
56,253.7533
57,222.519
58,229.4172
59,220.8376
60,239.0879
61,208.3963
62,208.7135
63,260.2008
64,230.889
65,319.9262
66,321.4237
67,260.5253
68,317.7222
69,332.6012
70,333.2275
71,414.4435
72,340.1943
73,403.9045
74,305.0965
75,417.0289
76,640.2667
77,477.4358
78,565.306
79,358.7053
80,620.7099
81,369.6905
82,441.788
83,252.6711
84,302.7597
85,214.5969
86,271.3216
87,195.267
88,216.768
89,238.0863
90,286.6015
91,199.8862
92,199.594
93,234.727
94,238.9206
95,229.019
96,254.8053
97,246.9488
98,275.7443
99,344.8454
100,328.7897
101,221.5642
102,244.3907
103,213.0855
104,227.5338
105,210.1662
106,246.7509
107,194.8568
108,190.4344
109,265.3487
110,624.3378
111,485.0507
112,269.9514
113,246.5013
114,410.6649
115,288.4003
116,260.7448
117,375.1361
118,270.1766
119,344.027
